brand,avg_star_rating
Under Armour,3.8039999999999985
ASICS,4.19179104477612
Nike,3.628235294117649
Adidas,3.9553846153846153
PUMA,3.216981132075473
Reebok,4.0566666666666675
