brand,avg_num_reviews
Under Armour,1666.2
ASICS,1293.2388059701493
Nike,826.4117647058823
Adidas,769.3794871794872
PUMA,2039.2830188679245
Reebok,684.4333333333333
